"item_1","item_2","item_3","item_4","item_5","item_6","item_7","item_8","item_9","item_10","item_11","item_12","item_13","item_14","item_15","item_16","item_17","item_18","item_19","item_20","item_21","item_22","item_23","item_24","item_25","item_26","item_27","country","source"
5,3,3,2,4,4,5,4,4,3,2,2,4,3,3,3,2,4,4,3,4,4,5,3,3,3,4,"MX",1
4,2,3,2,2,4,2,2,5,4,2,2,2,4,2,3,2,4,1,4,1,2,4,4,1,3,1,"US",1
4,4,2,4,4,5,5,4,5,4,4,4,1,3,4,5,3,4,5,3,3,3,4,4,4,3,3,"CA",1
4,3,3,4,3,2,3,2,4,4,2,4,3,4,3,2,2,4,3,2,2,2,4,3,4,1,3,"RO",1
5,5,4,5,5,5,5,4,5,4,3,3,4,4,1,5,2,5,5,2,5,4,5,5,1,5,5,"DE",1
4,2,3,3,3,4,5,4,5,1,1,1,1,1,3,2,2,3,4,5,3,1,4,3,2,1,2,"IE",1
4,2,2,4,2,2,4,2,2,2,2,2,2,4,4,1,3,3,3,3,1,2,2,1,2,1,1,"IE",1
5,5,2,2,5,5,5,5,5,3,1,5,3,2,2,4,1,5,1,2,3,4,5,5,5,3,2,"ES",1
2,0,5,2,4,4,4,2,4,4,2,4,4,5,2,2,2,4,4,2,2,4,3,4,4,2,4,"GB",3
4,4,4,4,2,4,4,1,5,5,2,4,4,5,1,5,5,4,3,4,3,1,5,3,5,1,1,"MX",3
5,4,4,5,5,5,5,5,5,4,1,3,4,5,5,3,1,5,5,4,5,2,5,4,5,4,5,"US",3
4,3,3,4,2,2,5,2,3,3,4,2,2,3,4,2,3,3,3,4,2,2,4,2,4,3,2,"GB",1
5,4,4,2,5,5,5,4,5,5,1,3,3,5,1,4,2,4,3,3,3,4,5,4,3,5,3,"GB",3
2,2,2,4,2,1,2,1,2,4,2,4,1,2,4,1,5,1,1,5,1,2,1,1,5,1,2,"GB",3
5,5,4,4,5,5,5,5,5,5,1,3,3,5,2,4,2,5,4,3,3,2,4,4,4,5,5,"US",3
5,5,5,5,5,5,5,3,5,4,3,3,2,4,2,2,1,4,4,3,4,2,5,5,5,1,4,"US",1
5,5,5,5,5,5,5,5,5,4,2,4,5,5,1,5,2,4,4,2,2,3,5,4,5,5,5,"US",2
5,5,4,5,5,5,5,5,5,3,5,4,2,5,4,2,2,4,3,2,2,1,4,4,2,3,2,"PT",1
5,4,4,3,4,4,5,3,3,3,4,3,2,4,4,2,2,4,3,3,3,3,3,2,4,1,3,"US",1
5,4,4,4,4,5,5,4,5,2,2,2,3,4,3,3,3,4,4,3,2,1,5,2,2,3,3,"HK",3
4,5,5,4,5,5,5,3,5,5,5,4,5,5,5,5,1,5,5,1,4,4,5,5,2,5,4,"US",3
3,3,2,2,1,2,3,2,3,2,4,2,2,2,5,2,4,4,2,3,2,2,3,2,2,1,1,"AU",1
3,2,2,3,3,3,3,2,4,2,4,2,2,3,4,2,3,2,3,4,4,2,4,3,4,2,2,"US",1
2,2,3,3,2,3,5,1,2,2,2,3,5,4,2,4,1,2,2,4,2,2,3,2,3,1,2,"VN",3
5,3,3,4,5,2,5,4,3,3,4,2,2,3,4,3,3,3,3,5,3,3,4,2,5,1,3,"US",1
5,4,3,3,5,5,5,4,4,2,5,4,3,3,5,3,1,4,3,5,4,4,4,3,5,2,2,"GB",1
4,2,1,3,1,1,4,2,3,4,1,3,2,2,1,3,1,3,1,5,1,2,1,1,5,1,1,"US",1
4,5,3,5,5,5,3,3,5,2,5,3,3,5,5,3,4,3,3,1,5,5,5,5,5,1,1,"US",1
4,3,3,4,3,4,4,3,3,4,3,3,4,3,4,3,3,4,3,3,2,2,4,4,5,2,2,"AU",3
3,4,2,3,4,3,4,3,4,2,4,1,3,3,4,1,4,3,4,4,2,2,3,3,2,3,3,"PL",1
1,5,5,3,5,5,5,5,5,5,1,5,5,3,1,3,1,5,3,2,5,4,5,5,5,1,5,"US",1
4,3,4,2,4,3,5,3,3,4,3,3,2,4,2,4,2,2,4,1,3,5,5,3,1,3,2,"GB",1
4,2,2,3,2,4,5,3,3,2,4,1,3,2,2,1,2,4,4,5,2,1,4,3,4,3,1,"DE",1
2,4,2,2,2,2,4,2,4,4,3,2,3,2,2,3,3,2,2,2,2,1,2,2,4,1,2,"US",2
4,4,4,4,5,5,5,5,5,5,5,5,2,5,2,2,2,4,4,1,3,4,5,5,1,5,4,"US",3
5,4,2,4,3,3,5,1,4,4,4,2,2,2,4,2,2,1,2,4,1,1,2,1,4,1,3,"US",1
5,4,4,4,4,4,4,4,4,3,3,3,2,4,2,2,2,5,3,4,4,2,2,4,4,3,3,"US",2
4,3,2,4,5,4,4,3,3,2,5,1,2,3,4,1,4,1,3,5,3,3,3,2,3,1,2,"US",1
5,5,3,4,5,5,5,5,5,4,4,3,5,4,3,4,3,4,3,3,5,3,5,4,4,3,4,"GB",1
5,3,4,4,3,5,4,3,4,4,3,4,2,3,4,5,5,3,1,4,1,1,2,1,1,2,3,"US",3
5,3,4,3,4,5,4,4,4,3,4,2,1,3,3,2,4,3,3,5,2,1,4,3,5,1,2,"US",1
5,4,4,5,2,1,5,3,4,2,1,5,4,4,1,4,2,2,1,4,1,3,2,1,3,5,1,"GB",2
5,4,3,4,4,4,5,2,5,4,5,2,1,2,4,2,5,3,3,2,3,3,5,4,2,2,4,"GB",1
5,3,5,5,5,4,5,4,5,4,2,4,2,5,1,5,1,5,3,1,5,3,5,4,2,5,3,"PL",3
3,3,3,2,2,4,3,2,2,2,2,2,2,3,3,2,3,2,2,2,2,2,4,3,5,1,2,"FI",3
5,4,2,4,2,4,5,3,4,5,1,2,4,4,2,5,2,4,3,2,4,1,2,4,2,4,4,"US",2
5,5,2,5,4,4,5,3,5,3,3,2,3,3,3,3,3,3,5,2,2,1,4,3,2,4,3,"US",1
5,3,4,4,5,5,5,3,4,4,2,3,3,3,3,1,3,3,4,2,2,3,4,3,5,5,3,"GB",1
5,2,3,4,4,2,5,3,4,4,2,3,4,1,4,4,3,4,2,4,4,2,4,3,5,4,1,"IT",1
5,5,5,5,5,5,2,2,4,4,5,2,3,5,4,5,4,2,1,4,2,5,5,2,5,1,3,"US",3
4,3,3,4,3,3,4,3,4,2,4,2,2,4,3,2,4,3,2,3,2,2,4,3,3,3,3,"AU",1
5,5,4,3,5,5,5,4,5,5,1,4,3,4,1,4,1,5,3,3,4,2,5,5,1,1,5,"US",3
4,2,2,4,3,4,4,2,4,4,3,2,4,3,3,2,3,4,2,4,2,2,4,2,4,2,2,"US",3
4,5,3,4,2,4,5,3,5,2,1,2,2,4,1,2,2,3,5,2,2,2,5,3,4,4,2,"FI",3
5,5,5,5,5,5,5,4,5,5,3,4,2,5,5,2,5,5,3,2,5,5,5,5,4,5,5,"CA",3
5,5,4,5,5,5,5,5,5,3,2,2,2,4,2,2,1,4,4,3,2,1,4,3,5,3,3,"CA",1
2,2,1,1,2,2,1,1,5,2,2,4,2,4,5,5,1,4,4,2,2,2,5,3,5,2,1,"GB",2
4,4,2,2,4,4,4,4,4,4,4,2,2,2,4,3,1,3,3,4,2,2,2,4,5,2,2,"US",1
1,5,5,5,5,5,5,5,5,2,5,1,1,5,1,5,1,5,5,4,5,2,5,5,1,5,5,"US",1
5,4,5,4,3,4,4,3,5,3,3,2,2,4,1,4,1,4,2,4,3,1,4,2,1,2,1,"US",3
5,4,3,4,4,4,4,4,5,4,2,3,4,3,2,3,1,3,0,2,3,3,4,3,1,3,3,"US",3
3,4,4,5,5,4,5,4,5,4,2,4,4,5,1,5,2,4,3,2,3,2,4,3,2,5,4,"PL",2
4,5,4,5,3,5,5,4,4,1,3,2,2,3,3,4,4,4,2,4,4,1,4,3,5,1,4,"US",1
4,1,1,1,1,1,4,1,4,4,3,1,1,3,4,1,2,3,1,5,1,1,2,1,5,1,1,"US",1
5,1,2,4,5,3,5,3,1,4,5,2,3,1,5,1,3,4,3,2,3,3,5,3,1,3,1,"CA",1
5,4,2,2,4,5,5,4,5,4,5,3,2,5,4,4,4,5,4,5,4,4,5,5,4,5,3,"IN",1
4,4,5,4,4,2,4,4,4,4,2,3,2,4,4,3,2,3,3,4,1,4,2,2,4,4,2,"GB",2
4,2,2,3,4,4,4,3,4,2,4,2,2,2,5,4,5,4,2,4,2,3,4,3,5,3,2,"PL",2
4,4,2,3,1,4,4,1,2,5,2,4,2,4,1,5,3,3,2,2,2,1,1,4,5,5,1,"IT",1
5,4,5,2,4,5,5,5,4,3,3,3,1,2,2,4,3,5,5,3,5,5,5,4,1,5,3,"PL",1
5,4,4,3,5,4,5,4,4,4,4,2,2,5,4,1,2,3,3,3,2,2,5,4,5,1,3,"GB",1
5,4,4,2,4,5,5,4,4,5,5,5,3,5,4,4,1,4,2,5,3,2,2,3,5,1,4,"US",1
4,4,3,3,3,4,4,3,4,2,3,2,2,3,4,2,1,3,4,4,3,2,5,4,2,3,3,"GB",1
5,1,2,4,4,1,3,2,1,2,1,1,5,1,4,1,4,1,1,5,1,1,2,1,5,1,1,"US",2
5,2,3,5,4,4,5,2,4,3,4,2,1,4,2,4,2,2,2,4,3,1,4,2,5,1,1,"US",1
4,3,3,4,4,4,5,1,2,4,3,2,4,4,4,2,1,4,3,3,2,2,4,2,2,1,4,"CA",1
4,5,4,2,5,4,5,4,5,3,1,3,2,4,3,2,2,4,4,4,4,2,4,2,5,3,5,"US",1
5,5,4,5,5,5,5,5,5,4,5,3,5,4,4,5,1,4,5,5,5,2,4,4,2,5,5,"US",3
5,5,5,5,4,4,5,4,4,4,2,3,4,5,4,4,2,5,2,4,3,4,4,3,5,4,5,"GB",1
3,4,3,4,3,2,4,3,4,1,4,2,3,2,4,4,4,3,4,4,3,3,4,2,4,1,3,"US",3
5,2,4,4,4,4,4,3,4,3,3,3,3,3,3,3,3,3,2,4,2,3,4,3,5,1,3,"BG",1
3,2,1,2,0,1,3,1,5,4,2,3,3,2,3,4,2,1,2,2,5,3,4,3,1,1,1,"US",1
5,3,2,4,4,2,4,2,4,3,4,1,1,3,2,2,2,2,2,4,1,1,2,1,2,1,1,"AU",1
5,5,5,1,5,3,5,5,5,5,5,3,5,1,5,5,3,5,3,1,5,5,5,5,5,5,5,"US",3
5,5,4,5,5,1,5,5,5,4,3,3,5,3,1,4,1,5,5,3,5,5,5,1,3,1,5,"CA",3
5,4,5,4,5,5,5,5,5,4,2,1,1,5,2,5,1,4,2,5,2,2,5,2,5,4,5,"PH",2
4,4,4,4,3,3,4,4,4,2,2,2,2,5,4,2,4,2,3,5,2,2,4,2,1,3,4,"US",1
3,4,3,4,4,4,4,4,4,4,3,4,4,4,1,2,2,3,2,4,2,2,3,3,5,3,2,"CA",1
4,2,4,3,1,2,4,3,4,2,5,2,3,2,4,1,5,3,2,5,2,1,2,2,5,1,1,"US",1
5,4,4,5,4,5,4,2,4,3,4,2,4,4,4,3,4,4,3,4,3,2,4,3,5,1,3,"AU",1
4,5,5,4,5,5,5,3,5,3,3,1,2,4,4,2,4,2,3,2,2,1,5,3,5,3,4,"US",3
4,3,4,3,5,5,5,3,4,4,5,1,1,4,4,3,3,2,5,2,3,4,5,5,2,1,4,"GB",2
4,2,2,4,2,2,4,4,2,2,5,2,2,2,4,2,5,4,4,4,2,2,4,2,4,2,2,"FI",3
4,1,1,2,1,1,2,2,2,5,4,1,2,4,4,4,4,3,1,2,1,1,4,1,5,2,1,"US",3
5,4,4,4,4,5,5,3,5,4,5,2,2,4,4,3,2,4,4,2,1,3,4,4,4,2,3,"GB",1
5,5,4,5,5,5,5,4,5,4,2,3,2,3,1,3,1,4,3,4,2,4,5,3,2,5,4,"US",1
3,1,2,2,1,1,4,2,3,3,3,1,1,2,4,3,3,2,4,4,2,1,2,2,5,1,1,"NO",1
4,5,5,1,5,4,5,5,5,5,1,5,4,5,1,4,1,5,5,4,5,1,5,5,1,5,5,"DK",3
2,3,3,1,1,1,1,2,2,4,5,1,1,1,5,1,3,1,1,4,1,5,1,1,5,1,1,"US",1
5,4,3,3,4,4,5,4,4,3,4,2,2,3,3,2,4,2,4,4,4,2,2,2,2,2,2,"US",1
4,2,3,5,5,5,4,5,5,2,3,3,2,4,1,1,2,2,5,2,2,1,4,2,1,5,1,"US",3
2,2,3,4,3,2,4,2,5,4,4,3,2,4,3,4,3,2,3,4,2,4,4,2,2,4,1,"US",3
5,3,5,1,3,3,4,2,3,5,3,1,3,4,4,4,4,4,1,3,2,1,2,3,5,1,2,"US",2
4,2,2,4,1,2,5,2,2,4,2,1,3,3,2,3,2,4,1,4,1,1,2,1,5,1,2,"US",3
4,4,2,5,3,5,5,3,4,1,5,1,3,5,4,4,2,3,4,4,5,2,5,3,5,3,2,"NI",2
4,3,3,4,4,4,3,3,5,3,3,3,3,3,1,2,2,4,2,4,5,2,3,3,4,3,2,"CA",1
3,3,3,4,1,1,3,2,3,2,4,4,2,2,5,1,4,3,2,4,3,1,4,1,5,1,1,"PH",3
4,2,3,4,3,3,5,2,4,5,3,3,3,4,5,2,1,4,2,2,2,1,2,3,5,1,1,"US",1
4,4,3,3,3,4,3,4,4,4,3,3,3,3,2,4,3,3,3,4,3,3,4,4,4,3,3,"NL",2
5,5,5,5,4,5,5,4,5,5,5,5,5,5,4,4,1,5,5,5,3,4,5,5,1,5,5,"GB",1
4,1,3,5,1,2,5,1,1,2,1,2,3,4,5,4,2,2,3,2,1,2,1,1,2,1,1,"CA",1
4,3,4,4,4,3,4,2,2,3,2,3,3,4,2,4,2,3,3,5,3,1,1,1,5,1,3,"RS",1
4,4,4,4,3,3,4,4,5,3,1,2,1,4,5,1,3,2,1,5,2,1,2,1,2,4,3,"US",1
4,4,3,4,3,4,5,2,4,4,3,3,2,3,4,4,3,3,3,2,3,4,3,2,2,5,3,"CA",1
5,4,4,4,4,4,5,4,5,4,4,2,1,4,3,1,4,3,4,2,3,1,3,3,1,3,4,"US",2
4,4,5,5,4,4,5,4,4,3,3,2,4,4,4,4,2,3,3,4,5,4,5,3,3,1,4,"AR",1
4,2,4,4,2,3,4,2,4,2,4,2,2,3,4,2,4,2,2,4,2,1,4,2,5,5,2,"GB",3
4,1,3,3,2,2,4,3,3,2,3,2,2,3,2,2,2,3,3,5,2,1,4,2,5,1,1,"US",1
4,3,3,4,2,2,4,4,5,4,4,3,2,4,3,2,3,3,2,2,1,1,4,3,4,3,2,"US",2
4,4,2,3,4,4,4,2,4,4,2,3,3,4,2,3,2,4,3,4,3,1,4,4,5,1,2,"AU",1
3,3,3,3,1,2,3,3,3,3,2,3,3,5,2,3,2,2,1,2,2,1,3,2,2,1,3,"US",3
5,3,5,5,5,5,5,4,4,3,2,2,4,4,1,5,1,5,5,3,3,2,4,5,2,3,4,"GB",1
4,5,5,4,5,4,4,5,5,4,4,4,3,3,4,2,2,4,5,5,5,4,5,5,4,4,5,"US",1
5,3,1,3,2,2,5,3,3,3,5,2,1,2,5,2,4,1,2,4,1,1,4,1,5,2,3,"US",1
4,4,4,4,3,4,4,2,3,2,5,2,2,4,5,2,4,3,4,3,3,3,4,3,2,1,2,"US",3
5,3,2,4,4,4,4,4,4,1,5,2,3,3,5,2,4,4,2,4,2,2,3,2,5,2,3,"US",3
5,2,3,3,3,3,5,4,4,2,4,2,2,3,3,3,4,3,1,4,3,1,2,2,3,2,1,"US",3
2,3,2,4,1,3,2,1,5,5,4,2,1,1,4,2,1,1,1,4,4,1,4,4,4,4,4,"BE",1
3,5,4,4,2,4,4,2,5,5,4,1,2,1,5,4,3,4,5,2,3,3,5,3,4,2,2,"BZ",3
5,5,1,5,5,5,5,5,5,1,5,1,5,3,1,4,1,5,5,5,5,1,5,5,5,5,3,"ES",1
4,3,3,5,5,5,5,4,4,2,5,3,2,4,3,3,1,3,3,2,1,5,3,4,5,3,4,"IE",1
5,4,2,4,4,1,4,1,4,4,3,1,1,4,4,4,1,2,4,3,1,1,3,3,3,3,1,"US",2
5,5,5,4,5,5,5,3,5,5,5,3,4,5,3,5,1,3,2,3,4,2,5,4,5,3,5,"GB",1
5,5,5,5,5,5,5,5,5,5,3,3,5,5,1,5,1,5,4,4,2,1,5,5,3,5,5,"RU",3
4,3,4,3,3,2,4,3,4,3,4,2,2,3,2,3,2,3,1,3,2,1,2,2,1,1,1,"US",3
3,3,2,2,1,4,4,1,4,2,4,3,4,2,2,1,4,4,4,5,3,1,2,1,5,1,1,"US",3
5,5,5,1,5,5,5,5,5,4,5,4,5,1,1,5,1,5,3,1,5,5,5,5,5,3,5,"US",3
5,5,5,4,5,5,5,5,5,5,1,5,4,4,1,4,2,5,5,5,5,4,4,5,1,5,5,"US",1
5,4,2,4,2,3,4,2,4,4,4,2,2,3,5,2,4,2,3,2,2,4,4,4,4,4,3,"GB",1
5,1,5,4,4,2,1,4,2,1,1,5,5,5,1,5,1,5,4,5,1,4,3,1,5,5,4,"US",1
2,5,3,2,4,4,5,2,5,3,4,4,1,3,5,4,1,4,4,4,3,2,1,4,5,1,1,"TR",1
5,4,4,4,4,3,5,2,4,4,3,2,4,4,4,4,2,4,3,2,2,3,4,2,4,3,3,"US",1
5,5,5,5,5,5,5,5,5,4,1,5,4,5,3,3,3,5,4,2,5,5,4,4,3,5,5,"CA",2
4,4,4,4,4,5,5,3,4,3,5,5,3,4,4,4,1,1,3,3,2,1,4,2,2,1,2,"US",3
5,3,4,5,5,4,5,4,3,2,2,2,2,4,4,4,2,2,1,5,2,1,4,2,4,2,2,"RU",2
4,4,2,5,4,4,4,4,4,3,5,1,1,2,4,1,2,1,4,5,4,3,2,4,5,3,4,"PL",3
5,4,4,4,5,5,5,5,5,5,5,1,4,3,4,1,2,3,4,5,2,5,5,4,5,1,2,"US",1
4,3,4,2,4,5,4,3,4,3,1,5,4,5,1,4,1,3,4,2,3,2,5,4,1,4,3,"US",1
5,2,5,5,5,4,5,5,5,1,5,1,5,2,5,4,3,4,2,3,4,2,2,2,4,3,4,"GB",3
5,3,5,4,5,5,5,4,5,5,2,4,4,5,5,4,3,5,2,2,3,2,5,3,2,5,5,"US",1
2,2,2,4,4,4,4,3,4,3,5,1,3,3,5,3,1,4,4,4,4,1,2,3,4,3,1,"DK",1
5,5,4,3,5,5,5,5,5,5,4,4,5,5,2,4,1,5,4,3,4,3,5,3,3,4,5,"FR",1
5,4,5,5,5,5,5,1,5,4,4,4,4,5,4,1,3,4,1,4,1,1,5,1,5,1,5,"CA",1
3,5,4,3,4,3,4,4,4,4,1,4,4,4,2,3,2,3,4,2,3,4,3,3,4,4,3,"US",1
3,2,2,2,1,2,4,2,3,3,3,1,2,3,3,4,3,3,2,4,1,1,3,1,4,2,1,"BR",1
4,4,4,5,4,4,5,4,4,3,3,3,3,4,4,4,4,4,3,3,3,2,4,3,4,3,3,"GB",1
5,3,3,2,2,3,5,4,3,1,5,3,3,3,4,3,4,2,3,4,2,2,3,2,5,1,1,"GR",1
5,2,5,5,5,5,5,5,5,3,5,1,1,5,5,1,5,2,1,5,2,1,2,2,5,1,2,"CA",3
4,3,2,2,2,4,5,3,4,3,5,2,1,2,5,3,5,4,3,2,2,1,4,3,4,3,1,"GB",1
4,2,3,4,2,2,5,3,3,2,4,3,2,3,3,1,3,2,2,3,3,2,4,2,1,1,2,"FI",3
4,5,5,5,5,5,5,5,5,4,1,5,4,5,1,3,1,3,4,4,5,3,5,4,1,2,5,"CH",1
5,4,4,4,4,4,5,3,4,4,4,2,2,3,2,2,3,2,5,2,5,3,4,4,1,4,2,"GB",2
4,3,1,3,3,3,5,1,5,3,1,3,5,1,1,5,1,5,5,5,1,3,2,5,1,1,1,"GB",3
5,5,5,5,5,5,5,5,5,2,1,1,4,5,5,2,1,2,4,4,2,2,5,4,4,5,5,"US",1
4,1,2,3,2,2,4,3,3,2,5,1,2,1,4,2,4,2,1,4,1,1,3,2,5,1,2,"US",1
4,4,4,4,4,2,4,2,4,4,2,4,2,4,2,4,1,4,5,2,2,4,4,2,2,5,2,"US",3
5,4,4,4,4,4,4,3,4,2,5,2,3,4,4,1,4,3,2,4,2,2,4,2,5,1,3,"GB",3
5,4,5,4,5,5,5,3,5,4,1,4,4,5,3,4,1,3,2,1,1,4,4,5,1,5,3,"AU",1
4,2,2,4,4,1,4,4,5,1,4,1,1,4,4,1,5,2,1,4,1,1,4,1,5,4,1,"FI",3
5,5,2,2,5,5,5,2,5,2,3,1,1,1,5,2,5,5,5,2,5,1,5,5,2,3,5,"MY",3
5,5,4,2,5,5,5,4,5,4,2,2,4,5,2,5,2,4,5,2,2,1,4,3,1,5,3,"US",3
2,2,3,2,3,1,5,4,5,4,2,4,4,4,3,4,2,5,1,2,4,1,4,4,2,3,2,"US",3
5,5,3,4,4,5,5,3,5,4,2,4,3,4,4,3,2,5,4,1,5,3,5,4,5,3,5,"US",3
5,4,4,4,4,4,5,3,4,4,2,3,4,5,2,5,1,3,4,1,2,2,2,1,2,2,3,"US",2
5,3,4,4,5,5,5,5,4,3,4,2,1,4,1,4,2,1,4,2,2,2,4,3,4,3,1,"GB",3
5,5,5,4,5,5,5,4,5,4,3,3,4,5,3,3,3,5,5,3,2,1,4,5,4,4,4,"CA",1
4,4,2,2,5,5,4,1,4,2,5,3,2,4,2,1,2,5,3,2,1,1,5,3,4,2,2,"US",3
4,2,4,3,3,4,5,1,3,3,2,2,3,4,4,5,1,5,2,5,1,4,4,2,5,1,4,"US",1
4,4,3,4,5,5,2,3,4,2,3,3,4,4,2,4,2,3,4,2,3,2,4,4,4,4,4,"US",2
4,2,2,3,3,3,4,4,4,4,2,4,4,3,2,4,2,4,2,4,3,4,2,2,2,4,3,"US",1
4,4,3,3,5,3,5,3,4,2,3,2,3,2,2,5,1,2,1,3,4,2,3,2,5,2,2,"GB",1
4,3,3,3,3,3,4,3,4,3,2,3,4,3,4,2,2,3,2,4,2,1,4,2,5,1,2,"US",3
4,2,4,4,5,5,5,3,5,4,3,1,1,4,3,5,1,1,3,2,3,3,3,2,4,2,3,"US",3
5,1,2,1,1,1,4,1,4,2,5,1,1,3,4,1,5,1,1,5,1,1,1,1,5,1,1,"US",3
2,3,2,4,2,4,4,3,5,4,3,3,2,4,2,1,2,2,2,4,1,1,4,3,5,3,1,"CA",1
4,2,2,2,2,4,5,2,3,2,2,1,3,2,3,5,2,4,1,5,1,1,4,2,5,1,2,"US",2
3,4,4,4,4,4,4,2,4,4,3,3,3,4,3,2,4,4,2,2,2,4,4,4,4,2,4,"US",2
5,3,3,4,4,1,5,5,5,3,4,1,3,3,4,2,1,3,4,4,5,2,4,3,5,5,4,"GB",1
4,3,4,4,4,1,5,1,4,4,2,4,3,4,4,3,3,0,2,4,2,2,3,2,2,4,1,"US",2
4,2,2,2,3,4,4,2,3,2,5,3,2,2,4,2,2,2,2,3,1,2,4,2,4,1,1,"US",3
5,3,4,3,2,2,4,2,4,4,4,4,2,4,2,3,4,4,3,4,3,2,2,3,3,3,2,"US",2
5,5,4,5,5,5,5,5,5,5,3,3,3,5,4,3,1,4,5,3,2,1,5,5,2,5,1,"IS",2
2,1,2,1,2,1,4,2,4,3,4,1,1,3,4,1,4,2,2,2,1,1,4,1,5,1,2,"US",3
4,5,3,3,5,3,5,3,4,3,5,2,1,3,2,1,2,3,5,4,3,4,4,3,2,5,5,"GB",1
5,2,3,1,3,3,5,3,4,1,3,2,2,3,3,3,3,3,4,2,3,2,5,4,1,1,2,"CA",1
4,2,3,3,2,3,4,2,4,4,4,3,3,4,4,3,4,4,1,5,4,1,4,2,5,2,2,"US",1
4,4,4,4,3,3,5,2,4,4,2,3,3,5,1,2,2,4,3,3,2,1,4,4,2,1,5,"US",3
4,3,2,3,4,3,4,3,3,1,4,2,2,3,4,3,4,3,2,3,2,3,2,2,5,2,1,"FI",3
4,4,5,4,4,4,5,3,5,4,3,4,4,4,4,4,2,2,2,2,2,2,5,2,4,3,4,"US",1
4,2,2,3,2,2,3,2,2,2,4,2,3,2,4,2,3,2,2,4,2,2,2,2,4,2,2,"US",1
5,2,4,4,5,5,5,2,4,4,5,2,2,3,4,1,5,2,4,4,1,1,4,5,5,3,1,"GB",3
3,2,4,4,3,3,5,4,4,4,1,3,3,4,4,2,1,4,1,4,1,2,4,1,3,1,1,"US",1
5,4,4,5,4,5,5,2,4,2,5,1,1,3,4,3,4,1,2,4,2,3,2,3,1,1,2,"US",1
5,5,5,5,5,5,5,5,5,5,2,4,5,5,2,5,1,5,5,5,5,2,5,5,5,1,5,"US",3
3,5,4,4,4,4,4,3,5,3,3,2,5,2,2,4,2,4,4,3,4,4,5,3,5,2,5,"UA",3
4,2,1,2,2,3,4,3,4,3,3,2,3,2,2,3,2,2,3,4,3,2,4,1,4,1,2,"US",1
4,4,3,1,5,3,5,5,5,4,4,3,1,4,4,4,4,4,3,2,4,1,5,3,5,1,2,"US",3
3,4,4,3,3,5,4,3,4,4,1,3,4,4,1,4,1,4,4,3,2,3,4,3,3,4,4,"GR",3
5,5,5,5,5,5,5,5,5,4,1,5,5,5,1,2,1,3,3,1,3,4,4,4,2,4,4,"CO",1
5,3,2,4,2,1,5,2,4,1,5,1,1,2,5,4,5,5,2,3,1,1,1,4,5,1,2,"GB",1
4,1,2,2,3,4,4,1,2,2,3,2,2,2,3,4,4,4,3,4,1,1,3,3,5,1,1,"IT",1
4,4,3,4,5,4,4,3,5,4,2,3,4,4,1,4,2,4,1,5,2,2,4,4,5,1,4,"FI",3
5,5,5,5,5,5,5,5,5,1,5,1,1,5,5,1,4,5,5,5,2,1,4,2,5,1,5,"GB",2
4,2,3,4,2,4,4,2,2,3,5,3,3,3,4,3,2,2,2,4,2,2,2,3,5,1,2,"US",2
4,4,3,4,3,4,4,2,2,2,4,2,2,4,3,2,4,4,4,2,3,2,4,4,3,1,2,"SG",1
4,2,3,4,3,2,1,3,5,3,4,2,3,4,5,2,2,2,2,3,1,1,3,2,2,2,1,"GB",1
4,4,2,4,2,3,4,2,4,4,3,2,2,4,4,4,4,3,2,4,1,2,2,2,4,2,2,"US",1
5,4,3,4,4,4,5,2,4,4,4,2,2,4,5,4,4,4,3,4,2,1,4,3,5,2,2,"US",1
5,4,4,4,4,5,5,4,5,4,5,3,5,4,2,4,1,4,4,2,2,4,3,4,5,4,4,"DE",1
4,1,3,1,4,4,4,3,3,2,5,1,1,1,5,1,4,2,1,4,2,3,4,3,1,1,1,"US",1
5,5,5,4,5,5,5,5,5,4,3,2,3,5,2,3,1,5,4,2,2,2,5,5,2,4,5,"GB",3
5,5,3,5,5,5,5,5,5,5,1,5,3,5,1,5,1,5,3,1,5,3,5,3,1,5,5,"US",3
5,4,5,4,5,5,5,5,5,1,4,5,5,5,4,5,1,5,4,1,5,5,5,5,2,4,5,"CA",1
3,4,3,2,4,3,4,2,4,4,2,2,4,3,2,2,3,3,2,5,3,2,5,2,5,3,4,"US",2
2,4,2,5,3,4,5,4,4,1,5,2,2,4,5,4,4,3,3,1,3,2,2,2,1,3,2,"GB",2
3,5,5,5,5,5,5,5,4,3,5,2,3,3,2,5,5,3,3,3,3,2,5,3,5,1,5,"US",3
5,4,4,4,5,5,5,5,5,4,2,4,2,5,1,5,3,5,4,2,4,1,5,4,5,4,5,"NL",2
4,3,3,1,3,3,4,4,4,2,1,3,4,4,4,1,2,4,2,2,1,5,5,2,5,4,4,"GB",3
5,3,4,3,5,4,5,4,3,2,5,1,3,4,5,2,3,2,3,2,3,1,3,3,5,4,2,"US",1
4,4,4,4,4,4,5,2,4,4,4,2,3,4,4,4,2,3,3,4,2,2,4,4,3,3,2,"US",1
4,2,5,4,5,4,5,4,3,3,3,3,2,5,3,3,3,5,4,4,4,3,4,3,4,2,2,"US",1
5,5,5,5,5,5,5,5,5,5,1,4,1,5,5,1,1,5,5,5,5,1,5,1,1,5,5,"US",2
2,1,1,4,1,2,4,2,2,1,4,1,1,1,2,1,2,1,1,5,1,1,2,1,5,1,1,"GB",2
5,5,2,2,4,4,4,3,4,1,4,2,4,3,4,4,4,3,2,5,2,4,4,5,5,1,4,"GB",2
5,5,5,4,5,5,5,5,5,3,5,2,3,4,3,4,1,5,4,2,5,2,5,4,2,4,5,"US",1
5,2,4,2,1,2,4,1,4,3,2,2,2,1,2,3,2,2,2,4,2,2,2,3,4,2,2,"PT",1
5,4,4,4,3,2,4,4,3,3,2,3,2,4,2,2,3,4,2,5,2,2,3,3,4,4,2,"US",1
3,1,1,2,2,1,2,2,4,3,3,2,1,2,4,4,4,1,2,4,1,3,4,1,5,1,1,"US",1
5,5,4,2,5,4,5,2,5,4,2,3,1,4,2,2,2,4,3,1,4,3,5,4,5,3,2,"US",1
4,4,2,3,2,2,4,5,4,2,4,2,2,2,3,4,4,2,2,4,1,1,4,2,2,1,2,"US",1
4,1,3,4,3,3,4,2,4,3,3,1,4,3,2,4,2,2,2,4,1,1,4,1,5,1,1,"US",1
3,1,3,3,3,2,3,3,3,4,1,2,3,3,4,2,2,2,1,5,1,3,4,2,4,3,2,"US",1
5,4,5,5,4,4,5,4,4,2,5,4,2,4,3,3,4,4,2,5,4,1,4,3,5,1,1,"US",1
2,4,4,2,5,3,5,4,5,4,3,1,2,3,2,3,3,3,5,1,3,3,5,4,1,1,4,"CL",3
5,4,4,4,5,5,5,4,4,3,4,3,2,4,4,2,5,4,3,2,2,3,4,4,2,4,2,"GB",1
5,5,4,4,3,4,4,4,5,4,1,4,3,4,3,4,2,4,4,2,3,4,4,3,2,4,4,"US",3
4,4,4,4,4,4,5,4,5,5,1,3,5,4,2,5,1,4,3,1,3,2,2,2,2,5,4,"DK",3
5,4,5,5,3,5,5,5,4,3,5,3,3,5,5,5,3,5,5,3,5,3,5,4,1,1,4,"GB",1
4,2,3,5,4,4,4,2,5,2,4,2,3,3,3,1,2,4,3,4,4,1,2,2,3,5,2,"GB",3
5,4,2,4,2,4,5,2,4,4,2,2,3,5,5,4,3,3,1,3,3,1,4,3,5,2,2,"US",1
5,2,2,3,3,3,5,1,1,1,3,1,1,3,5,1,5,3,1,3,1,1,3,3,5,3,1,"US",3
5,4,5,4,4,5,5,4,4,4,1,3,2,5,1,3,2,3,3,2,3,1,4,3,5,3,4,"RU",1
3,4,4,5,3,3,5,4,5,4,3,1,2,5,3,2,3,4,2,4,2,2,5,2,3,1,5,"CA",1
2,1,1,2,1,1,3,1,1,3,1,1,1,3,3,1,4,3,1,5,1,1,3,3,5,1,1,"US",1
4,3,3,2,1,2,4,2,4,3,3,2,2,3,4,2,2,2,2,3,2,1,4,2,4,3,2,"CA",3
5,4,4,4,4,4,4,4,5,4,4,4,2,4,2,4,2,2,4,4,2,2,4,2,4,4,4,"US",3
4,3,4,4,4,5,3,4,5,4,4,3,5,2,4,5,1,4,4,2,2,1,3,3,5,1,2,"GB",1
5,4,2,4,4,4,4,2,4,5,4,2,2,3,4,1,2,3,4,3,2,3,4,3,5,1,3,"GB",1
2,4,4,4,4,4,4,4,4,5,3,2,2,4,5,1,4,5,4,4,4,2,4,3,4,2,2,"DE",3
3,2,3,2,2,4,5,4,4,2,2,2,2,3,2,2,5,4,2,5,2,2,4,1,4,1,4,"US",1
5,5,4,4,5,5,5,5,5,3,4,3,3,5,4,3,1,5,4,2,5,4,5,5,1,3,5,"AU",3
4,4,4,4,4,3,5,4,4,3,4,2,4,4,2,4,2,3,3,2,2,2,3,2,4,3,2,"CA",3
5,3,3,1,2,2,5,2,3,3,2,2,2,2,3,2,3,4,3,2,3,3,4,2,4,5,2,"US",3
4,5,4,4,3,5,4,3,3,4,5,4,4,4,3,1,4,3,3,4,2,1,4,2,5,1,3,"US",1
5,4,5,1,4,3,5,5,5,5,2,3,5,5,1,5,1,4,4,2,5,4,5,5,1,5,5,"RO",3
4,3,3,4,2,4,5,2,4,3,5,2,1,3,5,1,3,2,1,3,2,1,2,2,0,3,1,"US",2
5,3,4,4,2,2,5,5,4,4,5,3,3,5,2,2,2,3,2,2,2,5,4,1,5,5,5,"BS",1
4,2,3,2,2,2,3,3,4,3,2,2,3,4,4,2,4,3,2,4,2,2,4,4,2,2,2,"US",2
4,4,3,2,3,2,3,1,5,4,1,4,5,5,1,4,1,4,4,2,5,2,4,2,1,4,2,"US",1
5,3,4,4,5,4,5,4,4,4,5,4,3,5,4,2,2,5,4,5,5,1,5,4,5,3,4,"US",3
4,4,3,3,4,5,4,4,4,4,2,2,2,3,2,4,2,3,4,2,2,1,4,4,4,2,3,"US",3
5,3,5,3,5,4,5,3,3,3,5,3,5,3,2,4,4,5,3,2,4,5,4,4,3,3,4,"NZ",2
5,1,3,3,1,3,5,4,4,1,5,3,1,1,4,1,4,1,3,5,3,1,1,1,5,4,1,"RS",3
5,4,5,4,5,5,5,3,5,3,3,4,1,4,5,1,2,5,5,2,2,5,5,5,4,3,5,"US",1
5,4,4,2,4,4,5,4,4,2,4,2,2,4,2,1,2,4,4,2,4,2,5,5,2,3,4,"US",1
5,5,3,3,5,5,5,5,5,5,3,5,3,3,1,5,1,5,5,2,5,1,5,5,1,2,4,"PR",3
4,3,3,3,4,4,4,4,4,4,2,4,2,3,3,5,3,5,5,3,3,3,4,5,5,3,3,"US",3
5,5,5,2,5,5,5,5,5,4,3,4,1,1,1,1,3,4,5,1,5,3,5,1,5,1,5,"AU",1
5,5,4,4,4,4,4,4,5,2,2,3,4,4,2,4,1,5,5,3,4,2,4,4,3,5,3,"CA",3
1,5,5,4,4,5,5,4,5,5,1,4,5,5,4,5,1,5,1,5,1,4,5,1,4,5,5,"GB",2
5,2,3,3,3,2,4,3,3,2,5,2,2,2,5,1,3,3,2,4,2,2,2,2,5,1,2,"US",1
4,4,3,4,4,4,4,4,4,1,4,2,2,2,4,2,4,3,4,3,3,3,4,1,3,2,4,"SE",1
5,2,5,5,2,3,5,5,2,1,5,1,1,2,5,4,2,1,1,5,4,4,4,1,5,3,4,"GB",1
4,1,3,2,1,1,2,1,1,2,3,2,2,2,4,1,4,2,2,4,1,1,1,3,4,2,1,"AU",1
5,5,4,4,5,5,5,5,5,5,1,3,4,4,3,4,2,5,5,1,5,3,4,4,4,4,4,"CA",2
4,3,4,5,2,5,4,3,5,5,1,2,2,4,4,4,2,3,2,2,2,1,4,2,2,2,2,"US",3
5,4,4,4,4,4,5,3,5,5,2,3,2,2,4,4,4,2,3,4,1,2,4,2,2,2,3,"GB",1
5,4,4,4,4,4,4,4,4,3,2,4,3,4,3,2,2,3,3,2,2,2,4,2,3,4,4,"US",1
5,4,3,3,5,4,5,3,4,3,3,2,3,3,5,4,1,4,4,3,2,4,4,4,5,3,3,"US",3
3,2,2,2,2,3,4,2,4,4,2,4,2,3,3,4,4,3,2,2,3,4,4,2,1,3,1,"SA",1
4,3,5,4,5,4,5,2,4,4,2,3,2,4,1,4,1,5,3,2,1,3,5,4,5,3,5,"US",2
4,2,4,3,4,2,4,2,2,4,3,4,3,4,2,3,4,4,2,4,2,2,4,2,4,2,2,"US",1
3,3,3,4,4,4,5,3,4,2,3,2,1,4,3,2,5,2,1,4,4,1,4,1,5,1,1,"US",1
5,4,3,4,4,4,4,5,4,3,3,1,1,3,1,3,3,3,4,2,2,3,5,4,3,4,3,"US",1
4,4,3,4,3,5,5,2,5,2,3,4,4,4,1,5,1,5,4,1,2,5,1,5,5,4,3,"US",3
3,4,2,2,3,1,4,2,4,4,2,2,2,4,2,2,3,3,1,4,1,1,4,2,5,1,1,"US",1
5,3,3,1,3,3,5,2,3,4,3,3,1,2,4,3,5,4,4,3,3,2,5,4,2,2,1,"AU",1
5,5,3,4,5,5,3,2,4,2,3,3,2,3,2,2,1,2,2,2,2,4,4,4,4,1,2,"IE",1
4,0,2,3,2,4,5,2,0,3,3,2,3,4,2,4,4,4,4,4,1,1,4,0,5,2,2,"GB",2
3,2,2,1,2,2,2,2,2,3,2,2,1,3,3,2,4,3,2,4,1,1,2,2,5,1,2,"FI",3
5,2,5,4,5,4,5,2,5,4,4,3,2,5,4,1,4,4,4,4,1,1,5,5,1,1,1,"HR",1
3,3,3,2,4,4,3,4,3,4,2,3,3,4,2,3,4,4,4,4,4,1,4,4,5,3,3,"US",3
4,4,4,4,4,4,4,4,4,2,5,2,2,3,4,2,4,4,3,3,3,2,4,3,4,2,2,"US",1
5,4,4,3,4,4,4,3,5,1,5,1,1,3,5,1,1,4,1,5,3,2,4,2,5,1,4,"CA",1
3,2,2,4,2,3,4,2,3,4,3,2,4,1,3,2,1,2,3,3,2,2,2,3,2,2,2,"IE",1
3,1,1,1,1,1,2,1,3,3,3,1,1,2,5,1,4,3,1,3,1,1,3,2,5,1,1,"CA",3
4,1,1,2,2,3,4,1,3,2,3,2,1,3,2,1,2,3,1,2,1,1,3,1,3,1,1,"FI",3
4,1,2,2,2,2,4,2,3,5,3,1,2,3,2,3,2,4,1,2,1,1,4,1,5,3,2,"CA",1
5,0,4,3,5,5,4,4,5,4,3,4,4,4,2,4,1,5,4,1,4,4,5,4,0,4,5,"US",3
4,4,4,4,4,3,3,2,2,3,3,4,3,4,2,2,2,4,3,4,4,3,2,2,5,1,2,"GB",1
5,5,4,5,5,4,5,4,5,5,3,4,5,5,4,5,1,4,3,1,2,1,5,3,5,5,5,"GB",1
4,4,2,4,3,3,5,4,4,5,1,3,4,4,1,3,1,5,4,2,2,2,4,2,5,1,2,"BR",1
5,4,3,2,5,4,5,2,4,3,1,2,4,3,1,3,2,5,3,4,4,2,2,2,5,3,3,"US",1
3,3,3,2,3,3,4,2,4,4,3,2,2,4,4,4,3,3,4,2,2,2,4,3,2,2,2,"GB",3
5,5,5,5,5,5,5,5,5,3,5,3,5,5,4,5,1,4,5,1,1,5,5,4,5,5,5,"LV",1
3,3,3,4,2,1,4,2,4,4,5,2,4,3,5,3,2,3,3,4,1,1,2,4,4,3,2,"US",1
4,1,2,3,3,3,4,2,4,3,2,2,1,4,3,4,4,2,2,2,2,1,4,2,1,3,1,"CO",1
5,2,2,1,4,3,5,2,2,5,3,3,1,4,4,4,1,3,4,2,2,1,3,4,3,2,1,"US",3
4,1,3,4,2,4,5,2,3,4,5,3,2,2,5,4,3,5,1,3,2,1,4,1,5,1,1,"US",1
2,2,2,2,3,4,5,3,4,1,4,2,2,3,2,1,5,2,3,3,2,2,2,1,4,1,2,"GB",3
4,3,3,4,4,4,5,5,5,2,3,2,3,3,2,3,3,3,2,4,4,5,5,3,5,5,4,"GB",1
4,4,4,5,3,4,4,2,3,4,4,2,4,4,4,2,4,2,4,4,2,2,3,4,4,2,4,"CA",3
4,5,5,5,3,3,4,3,4,4,2,4,4,5,4,3,1,4,1,3,3,1,3,3,2,4,2,"DE",1
4,4,4,4,4,4,5,4,4,3,4,4,3,4,1,1,2,3,2,4,4,3,5,3,5,4,4,"US",3
5,5,4,4,5,5,5,5,4,5,3,3,3,5,1,5,1,4,5,4,2,2,4,5,1,3,3,"US",1
5,2,1,2,4,4,4,2,4,1,5,1,1,2,4,2,3,2,2,4,4,1,5,2,4,4,1,"CA",1
4,2,3,2,2,2,4,3,3,4,4,3,2,3,4,3,3,3,3,4,2,3,4,2,4,3,2,"US",2
5,3,5,4,4,1,5,4,5,4,5,2,4,4,5,4,4,5,2,3,4,4,1,4,5,5,3,"GB",1
4,2,4,4,4,4,4,4,4,2,4,2,2,3,4,4,3,4,2,3,3,2,4,3,2,3,2,"US",1
4,3,4,4,4,2,3,2,4,4,2,1,3,4,2,1,4,4,4,4,2,1,3,2,5,3,3,"CA",2
3,1,1,3,1,1,4,2,4,3,4,1,4,3,3,2,3,1,1,5,1,1,4,1,3,1,1,"ES",3
5,5,5,5,4,3,5,3,4,3,3,3,4,4,2,5,4,3,4,2,4,3,4,4,2,5,3,"IN",2
4,5,4,2,1,1,5,2,4,3,4,1,1,4,4,1,4,4,4,2,1,3,1,1,4,1,2,"GR",1
5,5,2,4,5,5,1,3,4,3,3,4,1,4,1,1,1,5,4,3,2,1,5,5,1,2,4,"US",1
5,4,4,2,4,5,5,3,4,4,3,3,4,4,4,2,1,4,4,3,3,2,5,2,2,1,3,"GB",1
4,4,3,4,4,4,4,3,4,2,5,3,3,2,3,2,3,2,3,1,3,3,4,3,2,2,3,"GB",3
4,4,2,2,4,5,3,4,4,4,2,4,3,4,3,3,3,4,3,4,4,3,4,3,5,5,5,"US",2
5,5,4,2,5,5,4,2,4,4,1,3,2,5,1,2,2,5,4,2,2,3,5,3,3,4,4,"US",1
3,2,2,3,2,2,3,1,3,4,3,2,3,3,4,2,5,3,2,3,2,1,2,2,4,1,2,"US",1
4,2,4,3,2,1,4,2,1,3,2,2,2,4,4,1,4,4,1,5,1,1,1,1,5,1,2,"US",2
1,4,3,4,3,3,3,2,4,2,1,4,2,1,4,2,3,4,4,4,3,1,4,2,2,5,1,"ZA",3
5,4,4,4,5,5,4,4,5,4,4,4,3,3,2,2,2,4,2,2,2,3,4,4,4,4,5,"US",1
4,3,4,4,3,4,4,3,5,4,2,2,2,4,3,3,2,5,4,5,2,2,4,3,5,1,2,"US",1
2,5,5,4,4,4,5,4,5,4,1,4,3,3,2,3,2,4,2,2,2,1,4,2,3,3,5,"GB",1
4,4,3,4,2,3,4,4,4,5,2,1,2,4,4,4,2,2,2,4,2,2,4,2,2,3,2,"US",1
5,5,5,5,5,5,5,5,5,3,2,5,3,5,3,4,3,5,3,5,5,3,5,5,5,1,5,"PH",1
4,3,4,2,4,4,5,3,4,4,1,3,1,4,4,3,4,5,4,1,3,4,4,4,2,3,3,"US",3
4,4,4,4,4,4,4,2,4,5,1,2,4,4,1,4,2,5,4,2,3,4,5,3,5,5,5,"US",1
2,3,3,2,4,1,4,3,4,4,1,4,4,4,1,4,1,5,3,2,2,4,4,1,2,2,2,"US",2
4,3,2,2,4,4,4,2,4,2,3,2,1,2,3,3,2,5,4,3,3,2,3,2,5,1,4,"US",2
5,3,5,4,5,5,4,3,5,4,3,3,5,5,3,4,3,3,3,2,2,4,5,4,5,3,4,"KE",3
4,4,3,5,3,3,4,5,5,3,2,3,3,4,2,4,4,3,3,4,3,2,5,3,4,1,2,"US",1
4,3,5,3,4,5,5,1,5,4,1,1,3,5,2,5,5,5,5,4,5,3,5,5,5,5,3,"US",2
5,2,4,4,4,2,5,1,5,4,4,3,3,5,3,3,4,3,3,2,3,2,2,2,4,4,2,"IN",2
5,5,3,4,4,4,5,2,5,5,5,2,2,5,4,4,4,1,2,4,3,1,4,3,5,1,2,"GB",1
3,1,2,4,2,1,4,2,2,4,2,2,2,2,4,2,2,2,2,1,1,2,2,1,2,4,2,"GB",1
5,5,5,5,5,5,5,5,5,4,3,3,3,5,4,4,2,5,3,2,5,3,3,4,2,5,4,"GB",1
4,3,3,2,2,2,4,3,4,2,4,3,2,3,3,2,4,2,3,4,2,2,4,3,5,4,2,"US",3
5,2,3,3,2,4,5,3,4,4,5,3,2,2,5,2,4,4,1,3,2,4,4,2,4,2,2,"GB",3
5,3,2,4,5,4,5,4,4,2,4,2,1,1,4,1,4,4,2,5,2,1,5,4,5,1,2,"CA",1
5,4,5,2,2,1,5,1,4,3,5,4,4,1,5,1,1,5,4,2,3,1,3,5,5,5,3,"US",3
4,2,3,4,3,1,4,1,4,4,4,2,2,2,5,1,4,1,1,4,1,2,1,2,5,1,1,"CA",1
5,1,3,1,1,5,5,1,5,5,3,1,1,5,1,5,5,3,1,1,1,1,5,5,5,1,1,"US",3
5,3,4,4,5,5,5,4,5,2,5,3,2,4,4,2,1,5,4,3,5,5,5,5,5,3,5,"GB",1
1,1,1,1,1,1,2,1,2,3,3,1,1,1,5,1,3,4,1,4,1,1,2,1,1,1,1,"US",3
3,2,2,1,5,5,4,4,4,4,1,5,1,5,1,5,2,4,5,2,2,5,4,3,3,4,5,"GB",3
5,5,5,3,5,5,5,5,5,4,2,3,5,5,3,5,2,5,5,3,2,5,5,3,3,5,5,"GB",2
4,5,3,4,4,5,4,4,4,5,1,4,4,5,1,3,1,4,5,2,4,2,4,2,1,5,3,"NZ",3
4,3,3,4,4,2,4,4,4,4,1,2,1,5,1,4,4,4,2,4,2,5,4,2,2,4,2,"US",1
5,5,5,4,5,5,5,5,5,5,4,4,5,4,4,3,1,5,3,2,5,5,5,5,3,1,5,"US",3
5,5,5,5,5,5,5,3,5,4,3,5,5,5,4,2,1,5,4,5,4,3,5,3,2,1,5,"GB",1
5,5,2,4,4,3,5,4,5,3,2,4,2,2,3,3,4,2,5,1,1,5,4,2,1,4,5,"GB",1
5,4,4,1,5,5,5,4,4,2,5,2,2,2,3,2,2,5,5,1,5,5,5,5,1,2,3,"US",1
4,2,2,5,4,3,5,4,3,1,4,2,1,1,4,5,4,4,2,4,3,1,4,2,4,5,4,"GB",1
5,2,5,5,5,5,5,5,4,2,3,2,3,5,4,3,1,5,2,4,2,1,5,5,2,3,5,"GB",1
5,3,3,2,3,4,5,4,4,3,5,1,1,4,4,4,4,2,3,2,3,2,5,3,1,4,2,"US",2
5,4,4,5,4,5,5,3,4,3,2,4,4,4,4,4,2,4,4,2,2,4,4,5,2,4,4,"US",1
3,4,5,4,4,4,5,3,4,2,3,2,3,3,2,4,5,5,3,3,4,2,2,2,4,1,3,"GB",1
5,5,5,5,5,5,5,5,5,5,1,5,5,5,1,5,1,5,5,1,3,3,5,5,5,1,5,"HR",1
5,4,4,4,3,3,5,2,3,3,5,2,2,3,5,2,4,2,4,4,2,2,4,2,4,1,3,"US",1
5,5,5,5,5,5,5,5,5,5,5,4,4,5,2,5,1,5,4,2,5,4,5,4,5,5,5,"GB",1
5,1,3,4,4,3,5,1,4,4,2,2,5,4,2,2,1,4,3,5,4,4,4,3,3,1,1,"CN",1
2,4,4,3,4,5,5,2,4,3,3,3,3,4,2,4,3,3,3,2,2,2,5,4,3,4,3,"BG",1
5,3,3,4,3,3,4,2,3,3,3,2,1,4,3,1,4,4,5,4,4,2,4,2,4,1,2,"DK",1
5,4,5,5,4,5,5,4,5,5,1,5,5,4,4,5,1,5,1,4,2,1,4,4,2,5,2,"US",3
4,4,4,4,5,5,5,4,5,3,2,3,3,5,1,5,1,5,4,4,1,1,5,4,5,3,3,"US",3
4,2,1,3,1,1,4,1,4,2,2,3,3,4,4,4,2,2,1,2,2,4,1,1,2,2,1,"GB",1
3,3,2,2,2,4,4,3,4,2,4,2,4,3,4,2,2,4,4,4,1,2,3,3,4,2,3,"TR",1
4,5,4,3,5,5,5,4,5,4,1,4,4,5,2,4,1,4,4,2,5,4,4,4,1,3,3,"US",3
4,2,2,1,2,4,5,2,4,3,4,1,2,4,1,2,2,3,5,2,3,1,4,4,5,1,2,"NL",3
3,1,1,3,3,3,4,1,3,5,4,3,3,2,4,4,2,3,4,1,1,2,2,2,1,4,2,"US",1
5,5,5,5,5,5,5,4,5,5,1,5,5,5,1,5,1,5,3,2,1,4,5,4,4,1,5,"GB",3
4,2,3,4,4,4,4,2,4,5,3,4,2,3,4,4,2,3,2,3,2,3,4,4,4,1,3,"US",1
4,5,3,4,3,4,3,2,5,4,3,2,2,3,2,4,1,4,3,2,2,5,5,3,3,4,2,"HR",3
5,5,5,3,5,5,5,5,4,2,3,2,1,4,1,1,4,4,5,4,3,4,5,4,2,5,5,"AU",2
4,1,3,3,3,3,4,2,4,2,4,2,2,3,4,3,2,4,3,4,2,2,2,2,2,1,1,"DE",1
4,2,3,5,4,4,4,4,5,4,2,3,3,4,1,4,1,4,2,2,2,1,4,4,5,5,1,"GB",1
1,5,1,5,5,5,5,1,5,1,5,1,1,1,5,1,5,1,1,5,1,1,5,1,5,1,1,"US",1
5,5,4,5,5,5,5,3,5,1,5,4,2,3,5,1,1,2,4,1,4,4,4,4,2,4,5,"US",3
5,5,5,1,5,5,5,5,5,4,3,4,4,4,3,5,2,5,5,2,1,4,5,5,2,4,5,"GB",1
4,4,5,5,5,5,4,4,5,3,3,2,3,5,2,4,1,4,5,5,4,5,4,3,1,3,3,"US",3
5,5,5,5,5,5,5,5,5,4,2,3,3,5,1,5,3,5,5,4,5,1,5,3,5,4,5,"VE",1
3,2,2,1,2,3,3,1,1,2,2,2,1,2,4,1,3,1,2,4,1,2,3,1,3,1,1,"US",1
4,2,3,2,4,5,5,4,4,5,3,4,3,3,2,2,1,5,3,1,2,5,4,1,4,2,3,"US",1
3,2,3,3,3,3,3,2,4,2,2,2,2,2,4,2,4,3,1,5,4,1,4,4,5,1,1,"FI",3
4,4,4,2,4,5,4,4,4,5,4,4,3,4,1,2,1,4,5,2,4,4,4,4,2,3,4,"US",2
0,3,4,4,4,4,4,3,5,2,4,4,4,3,3,3,3,3,4,3,2,2,3,3,4,5,2,"CA",3
4,5,5,4,5,5,5,4,5,4,4,1,4,5,4,3,3,5,4,2,5,2,5,4,2,3,5,"AU",1
4,4,3,3,4,5,4,2,4,5,4,3,1,5,2,3,4,4,3,2,2,1,4,3,2,2,2,"US",3
5,5,5,3,5,5,5,5,5,5,1,4,4,5,1,5,1,5,5,1,5,5,5,5,4,5,5,"US",1
4,5,4,4,4,4,5,4,4,4,2,2,4,4,2,4,1,4,4,2,2,2,4,2,4,5,2,"US",2
5,5,5,5,5,4,5,1,5,5,3,5,3,5,3,3,1,5,3,5,5,1,5,5,5,5,4,"US",3
4,5,4,2,5,5,4,4,4,2,1,2,2,5,2,1,3,4,4,4,2,3,5,4,4,2,4,"US",1
3,3,1,3,3,3,5,3,5,1,5,3,3,1,5,3,1,3,4,5,3,1,2,1,3,3,1,"SE",3
4,3,2,4,4,3,3,3,4,4,3,2,3,1,2,4,2,5,3,4,2,2,1,1,5,1,4,"HR",1
5,1,3,4,4,4,3,2,4,4,2,3,2,2,4,3,4,4,2,2,2,1,5,3,2,4,2,"US",1
5,3,4,2,4,4,3,2,4,5,1,4,2,4,4,2,4,5,2,2,3,1,5,4,5,1,4,"SG",1
5,5,5,5,5,5,5,3,5,4,1,5,3,5,1,5,3,5,3,3,5,3,5,3,5,3,5,"US",1
4,4,1,1,4,4,2,3,4,4,3,1,1,2,4,2,2,3,2,2,1,1,3,1,5,1,1,"US",1
4,4,3,4,4,4,5,3,4,3,5,2,4,2,3,3,3,4,3,3,3,3,4,3,4,1,4,"US",1
4,3,3,4,3,4,5,2,5,4,4,4,2,3,4,4,1,4,3,3,3,3,5,3,2,2,3,"US",3
2,5,5,4,5,5,5,5,5,1,1,4,2,4,1,5,1,5,3,2,1,3,5,2,5,1,3,"NZ",1
5,5,4,5,5,5,5,5,5,5,1,5,5,5,1,5,1,5,5,2,1,1,5,5,5,5,5,"US",3
4,3,3,4,4,4,4,3,4,4,2,3,3,4,4,3,2,3,2,4,3,3,2,3,4,4,2,"SE",3
4,4,2,4,4,2,4,2,4,3,2,3,3,4,4,4,3,2,3,2,2,3,4,3,3,4,2,"GB",1
4,3,3,3,3,3,4,1,4,3,2,2,2,2,2,2,2,3,3,2,2,2,3,2,2,4,1,"US",3
3,1,3,3,1,1,4,1,3,2,3,2,2,3,4,3,4,4,1,4,1,3,4,1,5,1,1,"US",1
5,4,4,4,5,5,5,4,4,2,5,2,3,3,3,2,4,4,4,3,1,2,4,4,4,1,1,"US",1
4,2,1,2,4,4,5,3,2,3,3,2,2,3,2,4,2,2,4,4,2,1,3,2,2,2,1,"US",1
5,5,4,5,4,3,5,1,5,4,1,2,5,5,1,5,1,2,1,2,1,2,1,4,5,4,1,"PL",1
5,4,2,4,4,4,5,3,3,1,5,1,1,2,5,1,1,1,3,3,2,1,4,1,3,1,1,"US",1
4,3,1,2,1,1,4,1,4,5,4,1,1,1,5,2,4,1,1,4,1,1,3,1,4,1,1,"US",1
5,2,4,4,4,4,5,4,4,4,2,2,2,4,3,4,2,4,2,4,2,2,4,4,3,2,2,"SE",1
4,3,3,4,2,3,4,2,4,3,3,3,3,4,3,2,2,4,2,4,2,1,4,2,2,1,2,"US",3
5,4,3,4,3,2,5,3,4,4,3,4,1,4,5,2,4,2,1,2,1,2,4,1,2,1,4,"US",1
4,4,2,4,3,3,4,2,4,4,4,2,3,4,4,2,4,2,2,3,3,2,3,2,4,4,2,"US",1
5,4,3,4,5,4,5,3,4,1,5,1,1,3,5,1,5,4,5,3,5,3,5,3,4,1,5,"ID",3
3,3,4,3,2,2,4,2,5,3,5,3,2,3,5,2,3,3,2,5,1,2,3,3,5,1,3,"US",1
4,2,2,4,2,4,3,3,2,4,4,2,2,3,4,1,4,4,2,3,2,1,4,3,5,1,1,"DK",1
4,1,3,4,1,3,5,2,3,5,4,3,3,4,3,2,3,4,1,4,1,1,1,1,5,1,2,"US",3
2,2,3,5,3,2,4,3,4,2,2,2,3,3,3,4,2,3,2,3,2,2,3,2,0,4,2,"GB",1
3,4,1,1,3,2,3,1,4,2,3,3,3,4,2,1,4,1,1,2,3,2,5,3,4,3,1,"US",1
3,5,5,4,4,5,5,5,5,5,5,3,5,5,5,2,2,5,5,2,4,4,5,2,3,5,5,"US",3
4,3,3,3,3,2,4,3,4,4,2,2,3,4,1,2,3,5,3,2,2,2,4,2,4,2,3,"CA",1
5,5,5,5,5,5,5,5,5,5,1,5,1,5,1,5,1,5,5,1,5,5,5,5,1,3,5,"US",3
4,4,4,4,3,2,4,2,4,4,2,2,4,2,2,2,2,2,3,2,1,2,4,2,2,1,1,"US",1
4,4,2,5,4,4,5,2,4,2,3,2,1,2,4,2,3,2,3,3,2,4,4,2,3,3,2,"US",1
4,3,4,3,4,3,4,2,5,3,3,2,2,3,4,2,5,4,2,4,2,2,3,3,2,1,2,"US",2
4,2,3,4,2,4,4,2,4,2,4,2,3,4,4,4,4,4,2,4,1,3,4,2,2,3,2,"GB",1
3,4,4,4,2,4,5,3,5,2,2,4,3,4,1,4,3,5,3,4,3,2,4,3,4,1,4,"RS",1
5,5,3,2,5,4,5,1,5,5,2,3,4,5,1,4,1,4,5,3,4,1,5,5,2,3,1,"CA",1
2,1,1,2,1,1,3,2,3,2,5,2,1,1,4,1,2,2,1,4,1,1,1,3,5,1,1,"GB",3
4,2,4,4,4,5,2,4,4,4,2,2,2,4,2,2,2,5,2,2,1,2,2,5,4,3,2,"US",1
4,5,4,4,3,4,5,3,4,4,4,2,4,4,4,4,4,4,5,3,4,5,5,4,4,2,4,"US",1
5,3,4,1,5,5,5,5,4,5,3,4,3,4,1,1,5,5,5,1,4,3,5,5,2,3,1,"US",1
4,2,1,1,4,2,5,2,3,2,2,4,1,2,2,3,1,1,5,5,2,2,1,5,4,1,1,"US",3
2,2,4,3,2,3,3,2,3,4,3,3,3,4,3,2,2,4,2,3,3,2,2,3,4,4,3,"US",3
5,2,3,4,4,5,5,3,3,2,5,2,2,3,3,2,4,3,3,4,1,2,2,2,3,1,2,"CA",3
5,5,5,4,5,5,5,5,5,3,4,4,5,5,2,3,1,4,4,4,4,2,5,4,4,4,5,"DE",3
4,4,4,4,4,4,5,2,4,4,2,2,1,4,4,2,2,4,3,3,2,1,2,2,3,4,2,"GB",1
2,2,1,2,2,3,3,2,3,3,2,2,2,2,3,2,2,2,4,2,2,3,2,1,4,1,2,"UA",3
3,2,2,2,2,2,4,2,2,2,4,2,1,2,4,4,3,2,3,4,2,2,3,3,5,2,2,"US",1
3,4,3,5,2,2,3,3,4,2,5,2,2,2,3,1,1,2,2,5,2,1,2,2,5,3,2,"AU",1
4,2,4,3,4,4,4,3,3,3,5,3,4,3,4,2,4,3,2,5,5,3,4,3,4,2,2,"GB",3
5,5,5,5,5,5,5,5,5,5,3,4,5,5,2,4,1,4,3,2,2,2,5,5,5,5,5,"US",2
5,5,4,4,4,5,5,5,5,4,2,3,3,4,1,4,2,3,4,3,2,4,5,3,4,5,4,"US",1
5,4,2,4,4,4,5,2,5,4,2,2,2,2,4,4,1,2,2,5,2,2,4,2,3,2,4,"GB",1
5,3,2,4,4,5,4,4,3,2,4,2,2,3,3,3,3,4,4,2,2,2,4,4,3,3,3,"GB",1
5,5,2,3,5,4,5,3,5,4,2,2,2,4,2,4,2,4,5,1,5,5,5,5,1,5,5,"US",1
4,1,2,3,1,2,5,4,5,2,4,3,1,4,5,1,1,4,4,5,1,1,4,1,2,1,1,"US",3
4,4,4,2,4,4,4,3,4,4,2,4,3,3,4,4,2,4,4,2,4,3,5,4,2,2,4,"GB",1
4,4,4,3,3,4,5,4,4,4,2,4,3,4,4,2,1,5,3,2,5,4,4,3,1,2,4,"US",3
4,4,4,2,4,4,4,4,4,4,2,4,2,4,2,3,2,4,4,2,4,2,4,2,2,4,2,"US",3
4,4,4,4,4,4,4,2,2,4,3,3,3,4,4,2,4,3,2,4,2,2,4,4,5,1,3,"PH",1
5,5,5,5,5,5,5,5,5,5,1,5,5,5,1,5,1,5,5,1,5,5,5,5,1,5,5,"US",3
4,4,4,4,4,4,4,4,4,4,1,2,4,4,2,2,1,4,2,3,2,4,4,3,4,2,2,"US",1
5,4,5,4,4,4,4,4,4,4,4,2,2,4,2,2,3,4,4,2,2,2,4,4,2,2,4,"GB",3
5,5,4,5,5,3,5,2,5,3,3,4,1,5,4,1,1,2,5,2,5,5,4,2,3,2,2,"LT",1
4,4,3,4,4,3,4,4,4,3,4,2,2,2,2,2,4,2,2,5,1,4,5,2,5,1,4,"US",1
5,5,4,1,5,5,5,5,5,5,3,4,5,4,4,5,2,4,4,1,5,2,5,4,5,1,5,"US",1
4,5,4,4,4,2,5,4,5,4,1,2,1,4,2,2,5,4,2,5,2,1,4,2,4,1,4,"CA",3
3,1,3,4,2,2,4,4,3,4,3,2,3,4,1,2,2,4,2,4,1,2,2,2,2,2,2,"US",2
5,4,4,4,5,4,5,3,4,3,4,3,4,4,4,3,3,5,2,5,1,3,5,3,1,1,3,"US",1
1,4,2,2,2,1,3,1,4,5,3,2,3,3,2,3,1,1,1,5,1,1,3,1,5,1,1,"US",1
4,2,3,3,3,2,3,3,1,2,1,1,1,4,4,1,3,1,3,4,3,4,4,3,4,1,1,"US",1
5,3,4,4,5,4,4,4,4,3,2,3,3,5,2,2,3,4,3,2,4,2,5,2,3,3,4,"CA",3
5,5,1,4,4,4,5,3,5,2,4,2,2,2,5,1,4,3,2,5,2,1,4,4,5,1,2,"GB",1
4,2,4,4,4,4,4,3,4,5,1,4,5,3,3,5,1,4,4,3,4,2,4,1,3,3,4,"GB",2
2,2,2,3,1,1,3,1,1,2,3,1,3,3,2,1,5,5,1,5,1,1,2,1,1,1,1,"US",3
1,4,3,4,2,4,5,1,4,4,2,3,1,5,3,2,4,4,2,2,3,3,4,1,2,4,1,"GB",3
3,5,3,4,2,2,5,3,4,2,3,4,1,4,3,3,4,5,3,1,3,5,1,2,5,3,5,"IN",2
4,2,2,2,3,4,4,1,4,3,4,1,5,3,4,2,4,3,2,4,3,5,2,1,2,1,2,"US",3
4,4,4,3,5,5,5,3,4,4,5,3,4,4,4,4,3,5,3,3,5,3,5,5,5,4,4,"US",1
1,1,1,1,5,1,1,5,5,1,1,5,5,1,5,5,1,5,1,1,5,5,5,5,5,1,5,"AU",1
5,3,4,4,2,2,2,2,0,4,2,2,2,4,4,1,4,3,2,3,2,1,4,2,5,4,2,"US",3
4,2,2,4,2,2,4,4,3,2,4,2,2,4,4,1,4,4,2,4,2,2,3,2,5,1,2,"CA",1
5,3,2,4,4,4,5,4,4,4,2,2,3,3,4,3,2,4,2,2,1,2,2,2,5,2,3,"US",1
3,2,2,4,4,4,5,1,4,2,5,1,3,2,4,1,5,2,4,4,1,1,4,3,5,1,1,"US",1
5,4,3,4,4,5,5,4,5,3,3,4,4,3,4,4,2,4,4,3,4,5,5,5,5,3,4,"GB",3
4,3,2,2,2,1,4,2,4,5,2,2,2,4,1,4,2,3,2,2,1,2,3,1,3,3,1,"US",1
